ID,Name,Nexus_File,rooted,type,method,scaling,Source
summary,TREE1,summary.trees,,summary,bayesian,years,
posterior-1,STATE_168260000,posterior.trees,,sample,bayesian,years,
posterior-2,STATE_101670000,posterior.trees,,sample,bayesian,years,
posterior-3,STATE_148930000,posterior.trees,,sample,bayesian,years,
posterior-4,STATE_160370000,posterior.trees,,sample,bayesian,years,
posterior-5,STATE_131730000,posterior.trees,,sample,bayesian,years,
posterior-6,STATE_144280000,posterior.trees,,sample,bayesian,years,
posterior-7,STATE_192740000,posterior.trees,,sample,bayesian,years,
posterior-8,STATE_171480000,posterior.trees,,sample,bayesian,years,
posterior-9,STATE_126500000,posterior.trees,,sample,bayesian,years,
posterior-10,STATE_161130000,posterior.trees,,sample,bayesian,years,
posterior-11,STATE_120360000,posterior.trees,,sample,bayesian,years,
posterior-12,STATE_170940000,posterior.trees,,sample,bayesian,years,
posterior-13,STATE_142780000,posterior.trees,,sample,bayesian,years,
posterior-14,STATE_192100000,posterior.trees,,sample,bayesian,years,
posterior-15,STATE_128570000,posterior.trees,,sample,bayesian,years,
posterior-16,STATE_190640000,posterior.trees,,sample,bayesian,years,
posterior-17,STATE_130610000,posterior.trees,,sample,bayesian,years,
posterior-18,STATE_158150000,posterior.trees,,sample,bayesian,years,
posterior-19,STATE_114960000,posterior.trees,,sample,bayesian,years,
posterior-20,STATE_187010000,posterior.trees,,sample,bayesian,years,
posterior-21,STATE_167530000,posterior.trees,,sample,bayesian,years,
posterior-22,STATE_195860000,posterior.trees,,sample,bayesian,years,
posterior-23,STATE_182570000,posterior.trees,,sample,bayesian,years,
posterior-24,STATE_127300000,posterior.trees,,sample,bayesian,years,
posterior-25,STATE_124280000,posterior.trees,,sample,bayesian,years,
posterior-26,STATE_133710000,posterior.trees,,sample,bayesian,years,
posterior-27,STATE_112760000,posterior.trees,,sample,bayesian,years,
posterior-28,STATE_131130000,posterior.trees,,sample,bayesian,years,
posterior-29,STATE_155970000,posterior.trees,,sample,bayesian,years,
posterior-30,STATE_152770000,posterior.trees,,sample,bayesian,years,
posterior-31,STATE_103860000,posterior.trees,,sample,bayesian,years,
posterior-32,STATE_175180000,posterior.trees,,sample,bayesian,years,
posterior-33,STATE_155630000,posterior.trees,,sample,bayesian,years,
posterior-34,STATE_104410000,posterior.trees,,sample,bayesian,years,
posterior-35,STATE_183680000,posterior.trees,,sample,bayesian,years,
posterior-36,STATE_168080000,posterior.trees,,sample,bayesian,years,
posterior-37,STATE_100570000,posterior.trees,,sample,bayesian,years,
posterior-38,STATE_101100000,posterior.trees,,sample,bayesian,years,
posterior-39,STATE_126840000,posterior.trees,,sample,bayesian,years,
posterior-40,STATE_195050000,posterior.trees,,sample,bayesian,years,
posterior-41,STATE_129310000,posterior.trees,,sample,bayesian,years,
posterior-42,STATE_146960000,posterior.trees,,sample,bayesian,years,
posterior-43,STATE_116310000,posterior.trees,,sample,bayesian,years,
posterior-44,STATE_167920000,posterior.trees,,sample,bayesian,years,
posterior-45,STATE_117350000,posterior.trees,,sample,bayesian,years,
posterior-46,STATE_194720000,posterior.trees,,sample,bayesian,years,
posterior-47,STATE_129770000,posterior.trees,,sample,bayesian,years,
posterior-48,STATE_161450000,posterior.trees,,sample,bayesian,years,
posterior-49,STATE_138120000,posterior.trees,,sample,bayesian,years,
posterior-50,STATE_185790000,posterior.trees,,sample,bayesian,years,
posterior-51,STATE_197650000,posterior.trees,,sample,bayesian,years,
posterior-52,STATE_154050000,posterior.trees,,sample,bayesian,years,
posterior-53,STATE_106600000,posterior.trees,,sample,bayesian,years,
posterior-54,STATE_138070000,posterior.trees,,sample,bayesian,years,
posterior-55,STATE_119630000,posterior.trees,,sample,bayesian,years,
posterior-56,STATE_181800000,posterior.trees,,sample,bayesian,years,
posterior-57,STATE_135460000,posterior.trees,,sample,bayesian,years,
posterior-58,STATE_190950000,posterior.trees,,sample,bayesian,years,
posterior-59,STATE_130450000,posterior.trees,,sample,bayesian,years,
posterior-60,STATE_142230000,posterior.trees,,sample,bayesian,years,
posterior-61,STATE_196440000,posterior.trees,,sample,bayesian,years,
posterior-62,STATE_171060000,posterior.trees,,sample,bayesian,years,
posterior-63,STATE_184910000,posterior.trees,,sample,bayesian,years,
posterior-64,STATE_121280000,posterior.trees,,sample,bayesian,years,
posterior-65,STATE_106810000,posterior.trees,,sample,bayesian,years,
posterior-66,STATE_126900000,posterior.trees,,sample,bayesian,years,
posterior-67,STATE_149370000,posterior.trees,,sample,bayesian,years,
posterior-68,STATE_101540000,posterior.trees,,sample,bayesian,years,
posterior-69,STATE_124630000,posterior.trees,,sample,bayesian,years,
posterior-70,STATE_137540000,posterior.trees,,sample,bayesian,years,
posterior-71,STATE_157300000,posterior.trees,,sample,bayesian,years,
posterior-72,STATE_188340000,posterior.trees,,sample,bayesian,years,
posterior-73,STATE_156030000,posterior.trees,,sample,bayesian,years,
posterior-74,STATE_125720000,posterior.trees,,sample,bayesian,years,
posterior-75,STATE_163250000,posterior.trees,,sample,bayesian,years,
posterior-76,STATE_153050000,posterior.trees,,sample,bayesian,years,
posterior-77,STATE_102110000,posterior.trees,,sample,bayesian,years,
posterior-78,STATE_108090000,posterior.trees,,sample,bayesian,years,
posterior-79,STATE_109980000,posterior.trees,,sample,bayesian,years,
posterior-80,STATE_172930000,posterior.trees,,sample,bayesian,years,
posterior-81,STATE_112880000,posterior.trees,,sample,bayesian,years,
posterior-82,STATE_163590000,posterior.trees,,sample,bayesian,years,
posterior-83,STATE_129410000,posterior.trees,,sample,bayesian,years,
posterior-84,STATE_101920000,posterior.trees,,sample,bayesian,years,
posterior-85,STATE_160260000,posterior.trees,,sample,bayesian,years,
posterior-86,STATE_135290000,posterior.trees,,sample,bayesian,years,
posterior-87,STATE_183980000,posterior.trees,,sample,bayesian,years,
posterior-88,STATE_119910000,posterior.trees,,sample,bayesian,years,
posterior-89,STATE_178780000,posterior.trees,,sample,bayesian,years,
posterior-90,STATE_110090000,posterior.trees,,sample,bayesian,years,
posterior-91,STATE_102270000,posterior.trees,,sample,bayesian,years,
posterior-92,STATE_180580000,posterior.trees,,sample,bayesian,years,
posterior-93,STATE_153380000,posterior.trees,,sample,bayesian,years,
posterior-94,STATE_199960000,posterior.trees,,sample,bayesian,years,
posterior-95,STATE_168950000,posterior.trees,,sample,bayesian,years,
posterior-96,STATE_190090000,posterior.trees,,sample,bayesian,years,
posterior-97,STATE_133030000,posterior.trees,,sample,bayesian,years,
posterior-98,STATE_159690000,posterior.trees,,sample,bayesian,years,
posterior-99,STATE_119560000,posterior.trees,,sample,bayesian,years,
posterior-100,STATE_191190000,posterior.trees,,sample,bayesian,years,
posterior-101,STATE_124530000,posterior.trees,,sample,bayesian,years,
posterior-102,STATE_113120000,posterior.trees,,sample,bayesian,years,
posterior-103,STATE_181090000,posterior.trees,,sample,bayesian,years,
posterior-104,STATE_127030000,posterior.trees,,sample,bayesian,years,
posterior-105,STATE_154980000,posterior.trees,,sample,bayesian,years,
posterior-106,STATE_137790000,posterior.trees,,sample,bayesian,years,
posterior-107,STATE_133310000,posterior.trees,,sample,bayesian,years,
posterior-108,STATE_126800000,posterior.trees,,sample,bayesian,years,
posterior-109,STATE_126670000,posterior.trees,,sample,bayesian,years,
posterior-110,STATE_147240000,posterior.trees,,sample,bayesian,years,
posterior-111,STATE_124600000,posterior.trees,,sample,bayesian,years,
posterior-112,STATE_188010000,posterior.trees,,sample,bayesian,years,
posterior-113,STATE_114850000,posterior.trees,,sample,bayesian,years,
posterior-114,STATE_185140000,posterior.trees,,sample,bayesian,years,
posterior-115,STATE_100550000,posterior.trees,,sample,bayesian,years,
posterior-116,STATE_124010000,posterior.trees,,sample,bayesian,years,
posterior-117,STATE_100530000,posterior.trees,,sample,bayesian,years,
posterior-118,STATE_181280000,posterior.trees,,sample,bayesian,years,
posterior-119,STATE_130290000,posterior.trees,,sample,bayesian,years,
posterior-120,STATE_199540000,posterior.trees,,sample,bayesian,years,
posterior-121,STATE_115710000,posterior.trees,,sample,bayesian,years,
posterior-122,STATE_143300000,posterior.trees,,sample,bayesian,years,
posterior-123,STATE_182770000,posterior.trees,,sample,bayesian,years,
posterior-124,STATE_166550000,posterior.trees,,sample,bayesian,years,
posterior-125,STATE_110840000,posterior.trees,,sample,bayesian,years,
posterior-126,STATE_175510000,posterior.trees,,sample,bayesian,years,
posterior-127,STATE_168280000,posterior.trees,,sample,bayesian,years,
posterior-128,STATE_129810000,posterior.trees,,sample,bayesian,years,
posterior-129,STATE_139860000,posterior.trees,,sample,bayesian,years,
posterior-130,STATE_130200000,posterior.trees,,sample,bayesian,years,
posterior-131,STATE_104470000,posterior.trees,,sample,bayesian,years,
posterior-132,STATE_161100000,posterior.trees,,sample,bayesian,years,
posterior-133,STATE_154150000,posterior.trees,,sample,bayesian,years,
posterior-134,STATE_128830000,posterior.trees,,sample,bayesian,years,
posterior-135,STATE_164680000,posterior.trees,,sample,bayesian,years,
posterior-136,STATE_129140000,posterior.trees,,sample,bayesian,years,
posterior-137,STATE_129170000,posterior.trees,,sample,bayesian,years,
posterior-138,STATE_193660000,posterior.trees,,sample,bayesian,years,
posterior-139,STATE_184920000,posterior.trees,,sample,bayesian,years,
posterior-140,STATE_140790000,posterior.trees,,sample,bayesian,years,
posterior-141,STATE_167710000,posterior.trees,,sample,bayesian,years,
posterior-142,STATE_184090000,posterior.trees,,sample,bayesian,years,
posterior-143,STATE_168410000,posterior.trees,,sample,bayesian,years,
posterior-144,STATE_153250000,posterior.trees,,sample,bayesian,years,
posterior-145,STATE_119690000,posterior.trees,,sample,bayesian,years,
posterior-146,STATE_111100000,posterior.trees,,sample,bayesian,years,
posterior-147,STATE_175450000,posterior.trees,,sample,bayesian,years,
posterior-148,STATE_131960000,posterior.trees,,sample,bayesian,years,
posterior-149,STATE_193600000,posterior.trees,,sample,bayesian,years,
posterior-150,STATE_133080000,posterior.trees,,sample,bayesian,years,
posterior-151,STATE_122130000,posterior.trees,,sample,bayesian,years,
posterior-152,STATE_187000000,posterior.trees,,sample,bayesian,years,
posterior-153,STATE_138220000,posterior.trees,,sample,bayesian,years,
posterior-154,STATE_154120000,posterior.trees,,sample,bayesian,years,
posterior-155,STATE_193040000,posterior.trees,,sample,bayesian,years,
posterior-156,STATE_147900000,posterior.trees,,sample,bayesian,years,
posterior-157,STATE_120540000,posterior.trees,,sample,bayesian,years,
posterior-158,STATE_188190000,posterior.trees,,sample,bayesian,years,
posterior-159,STATE_183620000,posterior.trees,,sample,bayesian,years,
posterior-160,STATE_109700000,posterior.trees,,sample,bayesian,years,
posterior-161,STATE_142590000,posterior.trees,,sample,bayesian,years,
posterior-162,STATE_169940000,posterior.trees,,sample,bayesian,years,
posterior-163,STATE_107220000,posterior.trees,,sample,bayesian,years,
posterior-164,STATE_159640000,posterior.trees,,sample,bayesian,years,
posterior-165,STATE_184660000,posterior.trees,,sample,bayesian,years,
posterior-166,STATE_187810000,posterior.trees,,sample,bayesian,years,
posterior-167,STATE_194060000,posterior.trees,,sample,bayesian,years,
posterior-168,STATE_117630000,posterior.trees,,sample,bayesian,years,
posterior-169,STATE_111140000,posterior.trees,,sample,bayesian,years,
posterior-170,STATE_125590000,posterior.trees,,sample,bayesian,years,
posterior-171,STATE_160830000,posterior.trees,,sample,bayesian,years,
posterior-172,STATE_105790000,posterior.trees,,sample,bayesian,years,
posterior-173,STATE_145050000,posterior.trees,,sample,bayesian,years,
posterior-174,STATE_172760000,posterior.trees,,sample,bayesian,years,
posterior-175,STATE_160410000,posterior.trees,,sample,bayesian,years,
posterior-176,STATE_165830000,posterior.trees,,sample,bayesian,years,
posterior-177,STATE_150350000,posterior.trees,,sample,bayesian,years,
posterior-178,STATE_173600000,posterior.trees,,sample,bayesian,years,
posterior-179,STATE_143310000,posterior.trees,,sample,bayesian,years,
posterior-180,STATE_151100000,posterior.trees,,sample,bayesian,years,
posterior-181,STATE_180700000,posterior.trees,,sample,bayesian,years,
posterior-182,STATE_178710000,posterior.trees,,sample,bayesian,years,
posterior-183,STATE_108260000,posterior.trees,,sample,bayesian,years,
posterior-184,STATE_143440000,posterior.trees,,sample,bayesian,years,
posterior-185,STATE_173010000,posterior.trees,,sample,bayesian,years,
posterior-186,STATE_104810000,posterior.trees,,sample,bayesian,years,
posterior-187,STATE_135990000,posterior.trees,,sample,bayesian,years,
posterior-188,STATE_156540000,posterior.trees,,sample,bayesian,years,
posterior-189,STATE_122300000,posterior.trees,,sample,bayesian,years,
posterior-190,STATE_100340000,posterior.trees,,sample,bayesian,years,
posterior-191,STATE_113630000,posterior.trees,,sample,bayesian,years,
posterior-192,STATE_105020000,posterior.trees,,sample,bayesian,years,
posterior-193,STATE_118200000,posterior.trees,,sample,bayesian,years,
posterior-194,STATE_198710000,posterior.trees,,sample,bayesian,years,
posterior-195,STATE_130800000,posterior.trees,,sample,bayesian,years,
posterior-196,STATE_165040000,posterior.trees,,sample,bayesian,years,
posterior-197,STATE_180370000,posterior.trees,,sample,bayesian,years,
posterior-198,STATE_129800000,posterior.trees,,sample,bayesian,years,
posterior-199,STATE_144670000,posterior.trees,,sample,bayesian,years,
posterior-200,STATE_157210000,posterior.trees,,sample,bayesian,years,
posterior-201,STATE_134170000,posterior.trees,,sample,bayesian,years,
posterior-202,STATE_149180000,posterior.trees,,sample,bayesian,years,
posterior-203,STATE_151660000,posterior.trees,,sample,bayesian,years,
posterior-204,STATE_163620000,posterior.trees,,sample,bayesian,years,
posterior-205,STATE_112370000,posterior.trees,,sample,bayesian,years,
posterior-206,STATE_149300000,posterior.trees,,sample,bayesian,years,
posterior-207,STATE_160360000,posterior.trees,,sample,bayesian,years,
posterior-208,STATE_106630000,posterior.trees,,sample,bayesian,years,
posterior-209,STATE_168700000,posterior.trees,,sample,bayesian,years,
posterior-210,STATE_131090000,posterior.trees,,sample,bayesian,years,
posterior-211,STATE_126310000,posterior.trees,,sample,bayesian,years,
posterior-212,STATE_113420000,posterior.trees,,sample,bayesian,years,
posterior-213,STATE_123410000,posterior.trees,,sample,bayesian,years,
posterior-214,STATE_150220000,posterior.trees,,sample,bayesian,years,
posterior-215,STATE_138060000,posterior.trees,,sample,bayesian,years,
posterior-216,STATE_154540000,posterior.trees,,sample,bayesian,years,
posterior-217,STATE_169520000,posterior.trees,,sample,bayesian,years,
posterior-218,STATE_132920000,posterior.trees,,sample,bayesian,years,
posterior-219,STATE_102280000,posterior.trees,,sample,bayesian,years,
posterior-220,STATE_124560000,posterior.trees,,sample,bayesian,years,
posterior-221,STATE_118630000,posterior.trees,,sample,bayesian,years,
posterior-222,STATE_184220000,posterior.trees,,sample,bayesian,years,
posterior-223,STATE_105170000,posterior.trees,,sample,bayesian,years,
posterior-224,STATE_155880000,posterior.trees,,sample,bayesian,years,
posterior-225,STATE_164250000,posterior.trees,,sample,bayesian,years,
posterior-226,STATE_152330000,posterior.trees,,sample,bayesian,years,
posterior-227,STATE_106690000,posterior.trees,,sample,bayesian,years,
posterior-228,STATE_139550000,posterior.trees,,sample,bayesian,years,
posterior-229,STATE_116330000,posterior.trees,,sample,bayesian,years,
posterior-230,STATE_179410000,posterior.trees,,sample,bayesian,years,
posterior-231,STATE_124340000,posterior.trees,,sample,bayesian,years,
posterior-232,STATE_194770000,posterior.trees,,sample,bayesian,years,
posterior-233,STATE_133800000,posterior.trees,,sample,bayesian,years,
posterior-234,STATE_142460000,posterior.trees,,sample,bayesian,years,
posterior-235,STATE_193370000,posterior.trees,,sample,bayesian,years,
posterior-236,STATE_187230000,posterior.trees,,sample,bayesian,years,
posterior-237,STATE_158810000,posterior.trees,,sample,bayesian,years,
posterior-238,STATE_125950000,posterior.trees,,sample,bayesian,years,
posterior-239,STATE_146550000,posterior.trees,,sample,bayesian,years,
posterior-240,STATE_106230000,posterior.trees,,sample,bayesian,years,
posterior-241,STATE_115040000,posterior.trees,,sample,bayesian,years,
posterior-242,STATE_115400000,posterior.trees,,sample,bayesian,years,
posterior-243,STATE_186450000,posterior.trees,,sample,bayesian,years,
posterior-244,STATE_133970000,posterior.trees,,sample,bayesian,years,
posterior-245,STATE_190030000,posterior.trees,,sample,bayesian,years,
posterior-246,STATE_182610000,posterior.trees,,sample,bayesian,years,
posterior-247,STATE_167200000,posterior.trees,,sample,bayesian,years,
posterior-248,STATE_185860000,posterior.trees,,sample,bayesian,years,
posterior-249,STATE_102500000,posterior.trees,,sample,bayesian,years,
posterior-250,STATE_185200000,posterior.trees,,sample,bayesian,years,
posterior-251,STATE_124840000,posterior.trees,,sample,bayesian,years,
posterior-252,STATE_196420000,posterior.trees,,sample,bayesian,years,
posterior-253,STATE_187110000,posterior.trees,,sample,bayesian,years,
posterior-254,STATE_153310000,posterior.trees,,sample,bayesian,years,
posterior-255,STATE_196360000,posterior.trees,,sample,bayesian,years,
posterior-256,STATE_126830000,posterior.trees,,sample,bayesian,years,
posterior-257,STATE_174960000,posterior.trees,,sample,bayesian,years,
posterior-258,STATE_167930000,posterior.trees,,sample,bayesian,years,
posterior-259,STATE_172030000,posterior.trees,,sample,bayesian,years,
posterior-260,STATE_104030000,posterior.trees,,sample,bayesian,years,
posterior-261,STATE_160910000,posterior.trees,,sample,bayesian,years,
posterior-262,STATE_104490000,posterior.trees,,sample,bayesian,years,
posterior-263,STATE_163650000,posterior.trees,,sample,bayesian,years,
posterior-264,STATE_157930000,posterior.trees,,sample,bayesian,years,
posterior-265,STATE_188630000,posterior.trees,,sample,bayesian,years,
posterior-266,STATE_197370000,posterior.trees,,sample,bayesian,years,
posterior-267,STATE_102800000,posterior.trees,,sample,bayesian,years,
posterior-268,STATE_152310000,posterior.trees,,sample,bayesian,years,
posterior-269,STATE_177050000,posterior.trees,,sample,bayesian,years,
posterior-270,STATE_171710000,posterior.trees,,sample,bayesian,years,
posterior-271,STATE_107500000,posterior.trees,,sample,bayesian,years,
posterior-272,STATE_152270000,posterior.trees,,sample,bayesian,years,
posterior-273,STATE_151320000,posterior.trees,,sample,bayesian,years,
posterior-274,STATE_163820000,posterior.trees,,sample,bayesian,years,
posterior-275,STATE_148910000,posterior.trees,,sample,bayesian,years,
posterior-276,STATE_120560000,posterior.trees,,sample,bayesian,years,
posterior-277,STATE_162220000,posterior.trees,,sample,bayesian,years,
posterior-278,STATE_192640000,posterior.trees,,sample,bayesian,years,
posterior-279,STATE_109300000,posterior.trees,,sample,bayesian,years,
posterior-280,STATE_193440000,posterior.trees,,sample,bayesian,years,
posterior-281,STATE_118000000,posterior.trees,,sample,bayesian,years,
posterior-282,STATE_179660000,posterior.trees,,sample,bayesian,years,
posterior-283,STATE_119450000,posterior.trees,,sample,bayesian,years,
posterior-284,STATE_115800000,posterior.trees,,sample,bayesian,years,
posterior-285,STATE_128530000,posterior.trees,,sample,bayesian,years,
posterior-286,STATE_105450000,posterior.trees,,sample,bayesian,years,
posterior-287,STATE_108400000,posterior.trees,,sample,bayesian,years,
posterior-288,STATE_150610000,posterior.trees,,sample,bayesian,years,
posterior-289,STATE_135470000,posterior.trees,,sample,bayesian,years,
posterior-290,STATE_186030000,posterior.trees,,sample,bayesian,years,
posterior-291,STATE_115810000,posterior.trees,,sample,bayesian,years,
posterior-292,STATE_175440000,posterior.trees,,sample,bayesian,years,
posterior-293,STATE_176860000,posterior.trees,,sample,bayesian,years,
posterior-294,STATE_109650000,posterior.trees,,sample,bayesian,years,
posterior-295,STATE_169370000,posterior.trees,,sample,bayesian,years,
posterior-296,STATE_136060000,posterior.trees,,sample,bayesian,years,
posterior-297,STATE_136400000,posterior.trees,,sample,bayesian,years,
posterior-298,STATE_153990000,posterior.trees,,sample,bayesian,years,
posterior-299,STATE_126570000,posterior.trees,,sample,bayesian,years,
posterior-300,STATE_162790000,posterior.trees,,sample,bayesian,years,
posterior-301,STATE_196370000,posterior.trees,,sample,bayesian,years,
posterior-302,STATE_189020000,posterior.trees,,sample,bayesian,years,
posterior-303,STATE_139600000,posterior.trees,,sample,bayesian,years,
posterior-304,STATE_177270000,posterior.trees,,sample,bayesian,years,
posterior-305,STATE_129560000,posterior.trees,,sample,bayesian,years,
posterior-306,STATE_134160000,posterior.trees,,sample,bayesian,years,
posterior-307,STATE_190720000,posterior.trees,,sample,bayesian,years,
posterior-308,STATE_194110000,posterior.trees,,sample,bayesian,years,
posterior-309,STATE_190310000,posterior.trees,,sample,bayesian,years,
posterior-310,STATE_135050000,posterior.trees,,sample,bayesian,years,
posterior-311,STATE_126120000,posterior.trees,,sample,bayesian,years,
posterior-312,STATE_174630000,posterior.trees,,sample,bayesian,years,
posterior-313,STATE_102370000,posterior.trees,,sample,bayesian,years,
posterior-314,STATE_131940000,posterior.trees,,sample,bayesian,years,
posterior-315,STATE_112000000,posterior.trees,,sample,bayesian,years,
posterior-316,STATE_111430000,posterior.trees,,sample,bayesian,years,
posterior-317,STATE_191850000,posterior.trees,,sample,bayesian,years,
posterior-318,STATE_120040000,posterior.trees,,sample,bayesian,years,
posterior-319,STATE_115480000,posterior.trees,,sample,bayesian,years,
posterior-320,STATE_143460000,posterior.trees,,sample,bayesian,years,
posterior-321,STATE_192880000,posterior.trees,,sample,bayesian,years,
posterior-322,STATE_138620000,posterior.trees,,sample,bayesian,years,
posterior-323,STATE_135000000,posterior.trees,,sample,bayesian,years,
posterior-324,STATE_145490000,posterior.trees,,sample,bayesian,years,
posterior-325,STATE_136920000,posterior.trees,,sample,bayesian,years,
posterior-326,STATE_181540000,posterior.trees,,sample,bayesian,years,
posterior-327,STATE_160650000,posterior.trees,,sample,bayesian,years,
posterior-328,STATE_173200000,posterior.trees,,sample,bayesian,years,
posterior-329,STATE_166120000,posterior.trees,,sample,bayesian,years,
posterior-330,STATE_192110000,posterior.trees,,sample,bayesian,years,
posterior-331,STATE_140820000,posterior.trees,,sample,bayesian,years,
posterior-332,STATE_173830000,posterior.trees,,sample,bayesian,years,
posterior-333,STATE_182650000,posterior.trees,,sample,bayesian,years,
posterior-334,STATE_117770000,posterior.trees,,sample,bayesian,years,
posterior-335,STATE_184900000,posterior.trees,,sample,bayesian,years,
posterior-336,STATE_104940000,posterior.trees,,sample,bayesian,years,
posterior-337,STATE_184030000,posterior.trees,,sample,bayesian,years,
posterior-338,STATE_188510000,posterior.trees,,sample,bayesian,years,
posterior-339,STATE_160290000,posterior.trees,,sample,bayesian,years,
posterior-340,STATE_139140000,posterior.trees,,sample,bayesian,years,
posterior-341,STATE_165490000,posterior.trees,,sample,bayesian,years,
posterior-342,STATE_180810000,posterior.trees,,sample,bayesian,years,
posterior-343,STATE_113510000,posterior.trees,,sample,bayesian,years,
posterior-344,STATE_169070000,posterior.trees,,sample,bayesian,years,
posterior-345,STATE_176280000,posterior.trees,,sample,bayesian,years,
posterior-346,STATE_153700000,posterior.trees,,sample,bayesian,years,
posterior-347,STATE_140840000,posterior.trees,,sample,bayesian,years,
posterior-348,STATE_172790000,posterior.trees,,sample,bayesian,years,
posterior-349,STATE_149770000,posterior.trees,,sample,bayesian,years,
posterior-350,STATE_169580000,posterior.trees,,sample,bayesian,years,
posterior-351,STATE_192770000,posterior.trees,,sample,bayesian,years,
posterior-352,STATE_120420000,posterior.trees,,sample,bayesian,years,
posterior-353,STATE_128060000,posterior.trees,,sample,bayesian,years,
posterior-354,STATE_135720000,posterior.trees,,sample,bayesian,years,
posterior-355,STATE_163060000,posterior.trees,,sample,bayesian,years,
posterior-356,STATE_142970000,posterior.trees,,sample,bayesian,years,
posterior-357,STATE_193450000,posterior.trees,,sample,bayesian,years,
posterior-358,STATE_128840000,posterior.trees,,sample,bayesian,years,
posterior-359,STATE_100920000,posterior.trees,,sample,bayesian,years,
posterior-360,STATE_184630000,posterior.trees,,sample,bayesian,years,
posterior-361,STATE_145270000,posterior.trees,,sample,bayesian,years,
posterior-362,STATE_103900000,posterior.trees,,sample,bayesian,years,
posterior-363,STATE_178540000,posterior.trees,,sample,bayesian,years,
posterior-364,STATE_154450000,posterior.trees,,sample,bayesian,years,
posterior-365,STATE_133040000,posterior.trees,,sample,bayesian,years,
posterior-366,STATE_149520000,posterior.trees,,sample,bayesian,years,
posterior-367,STATE_104610000,posterior.trees,,sample,bayesian,years,
posterior-368,STATE_165160000,posterior.trees,,sample,bayesian,years,
posterior-369,STATE_160140000,posterior.trees,,sample,bayesian,years,
posterior-370,STATE_191960000,posterior.trees,,sample,bayesian,years,
posterior-371,STATE_141040000,posterior.trees,,sample,bayesian,years,
posterior-372,STATE_137760000,posterior.trees,,sample,bayesian,years,
posterior-373,STATE_115120000,posterior.trees,,sample,bayesian,years,
posterior-374,STATE_133430000,posterior.trees,,sample,bayesian,years,
posterior-375,STATE_141170000,posterior.trees,,sample,bayesian,years,
posterior-376,STATE_191710000,posterior.trees,,sample,bayesian,years,
posterior-377,STATE_100960000,posterior.trees,,sample,bayesian,years,
posterior-378,STATE_102720000,posterior.trees,,sample,bayesian,years,
posterior-379,STATE_124800000,posterior.trees,,sample,bayesian,years,
posterior-380,STATE_192320000,posterior.trees,,sample,bayesian,years,
posterior-381,STATE_195370000,posterior.trees,,sample,bayesian,years,
posterior-382,STATE_121850000,posterior.trees,,sample,bayesian,years,
posterior-383,STATE_153810000,posterior.trees,,sample,bayesian,years,
posterior-384,STATE_134930000,posterior.trees,,sample,bayesian,years,
posterior-385,STATE_121040000,posterior.trees,,sample,bayesian,years,
posterior-386,STATE_199860000,posterior.trees,,sample,bayesian,years,
posterior-387,STATE_183600000,posterior.trees,,sample,bayesian,years,
posterior-388,STATE_146830000,posterior.trees,,sample,bayesian,years,
posterior-389,STATE_104760000,posterior.trees,,sample,bayesian,years,
posterior-390,STATE_134430000,posterior.trees,,sample,bayesian,years,
posterior-391,STATE_170250000,posterior.trees,,sample,bayesian,years,
posterior-392,STATE_164450000,posterior.trees,,sample,bayesian,years,
posterior-393,STATE_195200000,posterior.trees,,sample,bayesian,years,
posterior-394,STATE_165790000,posterior.trees,,sample,bayesian,years,
posterior-395,STATE_172120000,posterior.trees,,sample,bayesian,years,
posterior-396,STATE_193520000,posterior.trees,,sample,bayesian,years,
posterior-397,STATE_192160000,posterior.trees,,sample,bayesian,years,
posterior-398,STATE_145880000,posterior.trees,,sample,bayesian,years,
posterior-399,STATE_182260000,posterior.trees,,sample,bayesian,years,
posterior-400,STATE_146280000,posterior.trees,,sample,bayesian,years,
posterior-401,STATE_188020000,posterior.trees,,sample,bayesian,years,
posterior-402,STATE_111990000,posterior.trees,,sample,bayesian,years,
posterior-403,STATE_178200000,posterior.trees,,sample,bayesian,years,
posterior-404,STATE_179070000,posterior.trees,,sample,bayesian,years,
posterior-405,STATE_126000000,posterior.trees,,sample,bayesian,years,
posterior-406,STATE_169150000,posterior.trees,,sample,bayesian,years,
posterior-407,STATE_107790000,posterior.trees,,sample,bayesian,years,
posterior-408,STATE_116120000,posterior.trees,,sample,bayesian,years,
posterior-409,STATE_119540000,posterior.trees,,sample,bayesian,years,
posterior-410,STATE_143650000,posterior.trees,,sample,bayesian,years,
posterior-411,STATE_151570000,posterior.trees,,sample,bayesian,years,
posterior-412,STATE_167630000,posterior.trees,,sample,bayesian,years,
posterior-413,STATE_164290000,posterior.trees,,sample,bayesian,years,
posterior-414,STATE_178130000,posterior.trees,,sample,bayesian,years,
posterior-415,STATE_115190000,posterior.trees,,sample,bayesian,years,
posterior-416,STATE_163860000,posterior.trees,,sample,bayesian,years,
posterior-417,STATE_119860000,posterior.trees,,sample,bayesian,years,
posterior-418,STATE_170600000,posterior.trees,,sample,bayesian,years,
posterior-419,STATE_137670000,posterior.trees,,sample,bayesian,years,
posterior-420,STATE_101200000,posterior.trees,,sample,bayesian,years,
posterior-421,STATE_125490000,posterior.trees,,sample,bayesian,years,
posterior-422,STATE_102350000,posterior.trees,,sample,bayesian,years,
posterior-423,STATE_158320000,posterior.trees,,sample,bayesian,years,
posterior-424,STATE_126240000,posterior.trees,,sample,bayesian,years,
posterior-425,STATE_144220000,posterior.trees,,sample,bayesian,years,
posterior-426,STATE_123670000,posterior.trees,,sample,bayesian,years,
posterior-427,STATE_163450000,posterior.trees,,sample,bayesian,years,
posterior-428,STATE_126280000,posterior.trees,,sample,bayesian,years,
posterior-429,STATE_151120000,posterior.trees,,sample,bayesian,years,
posterior-430,STATE_152840000,posterior.trees,,sample,bayesian,years,
posterior-431,STATE_198440000,posterior.trees,,sample,bayesian,years,
posterior-432,STATE_151810000,posterior.trees,,sample,bayesian,years,
posterior-433,STATE_170440000,posterior.trees,,sample,bayesian,years,
posterior-434,STATE_106430000,posterior.trees,,sample,bayesian,years,
posterior-435,STATE_158030000,posterior.trees,,sample,bayesian,years,
posterior-436,STATE_140190000,posterior.trees,,sample,bayesian,years,
posterior-437,STATE_198400000,posterior.trees,,sample,bayesian,years,
posterior-438,STATE_175010000,posterior.trees,,sample,bayesian,years,
posterior-439,STATE_104390000,posterior.trees,,sample,bayesian,years,
posterior-440,STATE_156840000,posterior.trees,,sample,bayesian,years,
posterior-441,STATE_164260000,posterior.trees,,sample,bayesian,years,
posterior-442,STATE_181570000,posterior.trees,,sample,bayesian,years,
posterior-443,STATE_122470000,posterior.trees,,sample,bayesian,years,
posterior-444,STATE_199460000,posterior.trees,,sample,bayesian,years,
posterior-445,STATE_161290000,posterior.trees,,sample,bayesian,years,
posterior-446,STATE_193030000,posterior.trees,,sample,bayesian,years,
posterior-447,STATE_148940000,posterior.trees,,sample,bayesian,years,
posterior-448,STATE_189700000,posterior.trees,,sample,bayesian,years,
posterior-449,STATE_121680000,posterior.trees,,sample,bayesian,years,
posterior-450,STATE_181740000,posterior.trees,,sample,bayesian,years,
posterior-451,STATE_173970000,posterior.trees,,sample,bayesian,years,
posterior-452,STATE_101830000,posterior.trees,,sample,bayesian,years,
posterior-453,STATE_176400000,posterior.trees,,sample,bayesian,years,
posterior-454,STATE_160230000,posterior.trees,,sample,bayesian,years,
posterior-455,STATE_137810000,posterior.trees,,sample,bayesian,years,
posterior-456,STATE_167090000,posterior.trees,,sample,bayesian,years,
posterior-457,STATE_177300000,posterior.trees,,sample,bayesian,years,
posterior-458,STATE_136940000,posterior.trees,,sample,bayesian,years,
posterior-459,STATE_183270000,posterior.trees,,sample,bayesian,years,
posterior-460,STATE_155720000,posterior.trees,,sample,bayesian,years,
posterior-461,STATE_180550000,posterior.trees,,sample,bayesian,years,
posterior-462,STATE_148420000,posterior.trees,,sample,bayesian,years,
posterior-463,STATE_197520000,posterior.trees,,sample,bayesian,years,
posterior-464,STATE_137460000,posterior.trees,,sample,bayesian,years,
posterior-465,STATE_168070000,posterior.trees,,sample,bayesian,years,
posterior-466,STATE_152370000,posterior.trees,,sample,bayesian,years,
posterior-467,STATE_115980000,posterior.trees,,sample,bayesian,years,
posterior-468,STATE_124570000,posterior.trees,,sample,bayesian,years,
posterior-469,STATE_130430000,posterior.trees,,sample,bayesian,years,
posterior-470,STATE_187470000,posterior.trees,,sample,bayesian,years,
posterior-471,STATE_107590000,posterior.trees,,sample,bayesian,years,
posterior-472,STATE_120150000,posterior.trees,,sample,bayesian,years,
posterior-473,STATE_163410000,posterior.trees,,sample,bayesian,years,
posterior-474,STATE_120510000,posterior.trees,,sample,bayesian,years,
posterior-475,STATE_160710000,posterior.trees,,sample,bayesian,years,
posterior-476,STATE_110520000,posterior.trees,,sample,bayesian,years,
posterior-477,STATE_132840000,posterior.trees,,sample,bayesian,years,
posterior-478,STATE_135240000,posterior.trees,,sample,bayesian,years,
posterior-479,STATE_100190000,posterior.trees,,sample,bayesian,years,
posterior-480,STATE_115680000,posterior.trees,,sample,bayesian,years,
posterior-481,STATE_155230000,posterior.trees,,sample,bayesian,years,
posterior-482,STATE_142740000,posterior.trees,,sample,bayesian,years,
posterior-483,STATE_196290000,posterior.trees,,sample,bayesian,years,
posterior-484,STATE_140800000,posterior.trees,,sample,bayesian,years,
posterior-485,STATE_145370000,posterior.trees,,sample,bayesian,years,
posterior-486,STATE_193890000,posterior.trees,,sample,bayesian,years,
posterior-487,STATE_150880000,posterior.trees,,sample,bayesian,years,
posterior-488,STATE_156810000,posterior.trees,,sample,bayesian,years,
posterior-489,STATE_151610000,posterior.trees,,sample,bayesian,years,
posterior-490,STATE_164180000,posterior.trees,,sample,bayesian,years,
posterior-491,STATE_103520000,posterior.trees,,sample,bayesian,years,
posterior-492,STATE_119840000,posterior.trees,,sample,bayesian,years,
posterior-493,STATE_196460000,posterior.trees,,sample,bayesian,years,
posterior-494,STATE_171800000,posterior.trees,,sample,bayesian,years,
posterior-495,STATE_172140000,posterior.trees,,sample,bayesian,years,
posterior-496,STATE_151700000,posterior.trees,,sample,bayesian,years,
posterior-497,STATE_141800000,posterior.trees,,sample,bayesian,years,
posterior-498,STATE_116300000,posterior.trees,,sample,bayesian,years,
posterior-499,STATE_147510000,posterior.trees,,sample,bayesian,years,
posterior-500,STATE_109970000,posterior.trees,,sample,bayesian,years,
posterior-501,STATE_181990000,posterior.trees,,sample,bayesian,years,
posterior-502,STATE_121090000,posterior.trees,,sample,bayesian,years,
posterior-503,STATE_123100000,posterior.trees,,sample,bayesian,years,
posterior-504,STATE_186480000,posterior.trees,,sample,bayesian,years,
posterior-505,STATE_132270000,posterior.trees,,sample,bayesian,years,
posterior-506,STATE_143930000,posterior.trees,,sample,bayesian,years,
posterior-507,STATE_134570000,posterior.trees,,sample,bayesian,years,
posterior-508,STATE_141820000,posterior.trees,,sample,bayesian,years,
posterior-509,STATE_158730000,posterior.trees,,sample,bayesian,years,
posterior-510,STATE_107730000,posterior.trees,,sample,bayesian,years,
posterior-511,STATE_113050000,posterior.trees,,sample,bayesian,years,
posterior-512,STATE_123160000,posterior.trees,,sample,bayesian,years,
posterior-513,STATE_138230000,posterior.trees,,sample,bayesian,years,
posterior-514,STATE_107320000,posterior.trees,,sample,bayesian,years,
posterior-515,STATE_122840000,posterior.trees,,sample,bayesian,years,
posterior-516,STATE_103230000,posterior.trees,,sample,bayesian,years,
posterior-517,STATE_105870000,posterior.trees,,sample,bayesian,years,
posterior-518,STATE_123590000,posterior.trees,,sample,bayesian,years,
posterior-519,STATE_161940000,posterior.trees,,sample,bayesian,years,
posterior-520,STATE_169530000,posterior.trees,,sample,bayesian,years,
posterior-521,STATE_194960000,posterior.trees,,sample,bayesian,years,
posterior-522,STATE_168960000,posterior.trees,,sample,bayesian,years,
posterior-523,STATE_104040000,posterior.trees,,sample,bayesian,years,
posterior-524,STATE_128380000,posterior.trees,,sample,bayesian,years,
posterior-525,STATE_125300000,posterior.trees,,sample,bayesian,years,
posterior-526,STATE_183570000,posterior.trees,,sample,bayesian,years,
posterior-527,STATE_123640000,posterior.trees,,sample,bayesian,years,
posterior-528,STATE_180600000,posterior.trees,,sample,bayesian,years,
posterior-529,STATE_117170000,posterior.trees,,sample,bayesian,years,
posterior-530,STATE_158400000,posterior.trees,,sample,bayesian,years,
posterior-531,STATE_112270000,posterior.trees,,sample,bayesian,years,
posterior-532,STATE_125560000,posterior.trees,,sample,bayesian,years,
posterior-533,STATE_103680000,posterior.trees,,sample,bayesian,years,
posterior-534,STATE_111780000,posterior.trees,,sample,bayesian,years,
posterior-535,STATE_158060000,posterior.trees,,sample,bayesian,years,
posterior-536,STATE_121660000,posterior.trees,,sample,bayesian,years,
posterior-537,STATE_159130000,posterior.trees,,sample,bayesian,years,
posterior-538,STATE_156050000,posterior.trees,,sample,bayesian,years,
posterior-539,STATE_134720000,posterior.trees,,sample,bayesian,years,
posterior-540,STATE_148260000,posterior.trees,,sample,bayesian,years,
posterior-541,STATE_132090000,posterior.trees,,sample,bayesian,years,
posterior-542,STATE_188730000,posterior.trees,,sample,bayesian,years,
posterior-543,STATE_154320000,posterior.trees,,sample,bayesian,years,
posterior-544,STATE_166490000,posterior.trees,,sample,bayesian,years,
posterior-545,STATE_111590000,posterior.trees,,sample,bayesian,years,
posterior-546,STATE_154330000,posterior.trees,,sample,bayesian,years,
posterior-547,STATE_126630000,posterior.trees,,sample,bayesian,years,
posterior-548,STATE_141180000,posterior.trees,,sample,bayesian,years,
posterior-549,STATE_177420000,posterior.trees,,sample,bayesian,years,
posterior-550,STATE_190480000,posterior.trees,,sample,bayesian,years,
posterior-551,STATE_127790000,posterior.trees,,sample,bayesian,years,
posterior-552,STATE_191350000,posterior.trees,,sample,bayesian,years,
posterior-553,STATE_121630000,posterior.trees,,sample,bayesian,years,
posterior-554,STATE_163030000,posterior.trees,,sample,bayesian,years,
posterior-555,STATE_172810000,posterior.trees,,sample,bayesian,years,
posterior-556,STATE_124040000,posterior.trees,,sample,bayesian,years,
posterior-557,STATE_141980000,posterior.trees,,sample,bayesian,years,
posterior-558,STATE_122340000,posterior.trees,,sample,bayesian,years,
posterior-559,STATE_125320000,posterior.trees,,sample,bayesian,years,
posterior-560,STATE_191020000,posterior.trees,,sample,bayesian,years,
posterior-561,STATE_198320000,posterior.trees,,sample,bayesian,years,
posterior-562,STATE_141430000,posterior.trees,,sample,bayesian,years,
posterior-563,STATE_141890000,posterior.trees,,sample,bayesian,years,
posterior-564,STATE_147490000,posterior.trees,,sample,bayesian,years,
posterior-565,STATE_100380000,posterior.trees,,sample,bayesian,years,
posterior-566,STATE_184800000,posterior.trees,,sample,bayesian,years,
posterior-567,STATE_192510000,posterior.trees,,sample,bayesian,years,
posterior-568,STATE_160390000,posterior.trees,,sample,bayesian,years,
posterior-569,STATE_165720000,posterior.trees,,sample,bayesian,years,
posterior-570,STATE_190620000,posterior.trees,,sample,bayesian,years,
posterior-571,STATE_133160000,posterior.trees,,sample,bayesian,years,
posterior-572,STATE_161730000,posterior.trees,,sample,bayesian,years,
posterior-573,STATE_116530000,posterior.trees,,sample,bayesian,years,
posterior-574,STATE_117860000,posterior.trees,,sample,bayesian,years,
posterior-575,STATE_188360000,posterior.trees,,sample,bayesian,years,
posterior-576,STATE_127830000,posterior.trees,,sample,bayesian,years,
posterior-577,STATE_176010000,posterior.trees,,sample,bayesian,years,
posterior-578,STATE_182220000,posterior.trees,,sample,bayesian,years,
posterior-579,STATE_130270000,posterior.trees,,sample,bayesian,years,
posterior-580,STATE_112290000,posterior.trees,,sample,bayesian,years,
posterior-581,STATE_196120000,posterior.trees,,sample,bayesian,years,
posterior-582,STATE_117870000,posterior.trees,,sample,bayesian,years,
posterior-583,STATE_117670000,posterior.trees,,sample,bayesian,years,
posterior-584,STATE_167550000,posterior.trees,,sample,bayesian,years,
posterior-585,STATE_124920000,posterior.trees,,sample,bayesian,years,
posterior-586,STATE_107450000,posterior.trees,,sample,bayesian,years,
posterior-587,STATE_166220000,posterior.trees,,sample,bayesian,years,
posterior-588,STATE_142290000,posterior.trees,,sample,bayesian,years,
posterior-589,STATE_146800000,posterior.trees,,sample,bayesian,years,
posterior-590,STATE_121690000,posterior.trees,,sample,bayesian,years,
posterior-591,STATE_185390000,posterior.trees,,sample,bayesian,years,
posterior-592,STATE_136900000,posterior.trees,,sample,bayesian,years,
posterior-593,STATE_128890000,posterior.trees,,sample,bayesian,years,
posterior-594,STATE_116050000,posterior.trees,,sample,bayesian,years,
posterior-595,STATE_124140000,posterior.trees,,sample,bayesian,years,
posterior-596,STATE_145630000,posterior.trees,,sample,bayesian,years,
posterior-597,STATE_139970000,posterior.trees,,sample,bayesian,years,
posterior-598,STATE_119620000,posterior.trees,,sample,bayesian,years,
posterior-599,STATE_151460000,posterior.trees,,sample,bayesian,years,
posterior-600,STATE_164900000,posterior.trees,,sample,bayesian,years,
posterior-601,STATE_191460000,posterior.trees,,sample,bayesian,years,
posterior-602,STATE_196490000,posterior.trees,,sample,bayesian,years,
posterior-603,STATE_143150000,posterior.trees,,sample,bayesian,years,
posterior-604,STATE_134980000,posterior.trees,,sample,bayesian,years,
posterior-605,STATE_161210000,posterior.trees,,sample,bayesian,years,
posterior-606,STATE_163990000,posterior.trees,,sample,bayesian,years,
posterior-607,STATE_150750000,posterior.trees,,sample,bayesian,years,
posterior-608,STATE_100860000,posterior.trees,,sample,bayesian,years,
posterior-609,STATE_147790000,posterior.trees,,sample,bayesian,years,
posterior-610,STATE_170990000,posterior.trees,,sample,bayesian,years,
posterior-611,STATE_173880000,posterior.trees,,sample,bayesian,years,
posterior-612,STATE_168570000,posterior.trees,,sample,bayesian,years,
posterior-613,STATE_179530000,posterior.trees,,sample,bayesian,years,
posterior-614,STATE_117230000,posterior.trees,,sample,bayesian,years,
posterior-615,STATE_177740000,posterior.trees,,sample,bayesian,years,
posterior-616,STATE_177760000,posterior.trees,,sample,bayesian,years,
posterior-617,STATE_136070000,posterior.trees,,sample,bayesian,years,
posterior-618,STATE_196310000,posterior.trees,,sample,bayesian,years,
posterior-619,STATE_107550000,posterior.trees,,sample,bayesian,years,
posterior-620,STATE_157390000,posterior.trees,,sample,bayesian,years,
posterior-621,STATE_128620000,posterior.trees,,sample,bayesian,years,
posterior-622,STATE_183110000,posterior.trees,,sample,bayesian,years,
posterior-623,STATE_131080000,posterior.trees,,sample,bayesian,years,
posterior-624,STATE_135850000,posterior.trees,,sample,bayesian,years,
posterior-625,STATE_112620000,posterior.trees,,sample,bayesian,years,
posterior-626,STATE_195490000,posterior.trees,,sample,bayesian,years,
posterior-627,STATE_190880000,posterior.trees,,sample,bayesian,years,
posterior-628,STATE_134190000,posterior.trees,,sample,bayesian,years,
posterior-629,STATE_129080000,posterior.trees,,sample,bayesian,years,
posterior-630,STATE_128740000,posterior.trees,,sample,bayesian,years,
posterior-631,STATE_100770000,posterior.trees,,sample,bayesian,years,
posterior-632,STATE_116710000,posterior.trees,,sample,bayesian,years,
posterior-633,STATE_121140000,posterior.trees,,sample,bayesian,years,
posterior-634,STATE_102360000,posterior.trees,,sample,bayesian,years,
posterior-635,STATE_109620000,posterior.trees,,sample,bayesian,years,
posterior-636,STATE_142840000,posterior.trees,,sample,bayesian,years,
posterior-637,STATE_120000000,posterior.trees,,sample,bayesian,years,
posterior-638,STATE_187350000,posterior.trees,,sample,bayesian,years,
posterior-639,STATE_102130000,posterior.trees,,sample,bayesian,years,
posterior-640,STATE_178900000,posterior.trees,,sample,bayesian,years,
posterior-641,STATE_199680000,posterior.trees,,sample,bayesian,years,
posterior-642,STATE_195790000,posterior.trees,,sample,bayesian,years,
posterior-643,STATE_136830000,posterior.trees,,sample,bayesian,years,
posterior-644,STATE_155460000,posterior.trees,,sample,bayesian,years,
posterior-645,STATE_115270000,posterior.trees,,sample,bayesian,years,
posterior-646,STATE_104110000,posterior.trees,,sample,bayesian,years,
posterior-647,STATE_102140000,posterior.trees,,sample,bayesian,years,
posterior-648,STATE_167500000,posterior.trees,,sample,bayesian,years,
posterior-649,STATE_116350000,posterior.trees,,sample,bayesian,years,
posterior-650,STATE_150650000,posterior.trees,,sample,bayesian,years,
posterior-651,STATE_172690000,posterior.trees,,sample,bayesian,years,
posterior-652,STATE_111470000,posterior.trees,,sample,bayesian,years,
posterior-653,STATE_112040000,posterior.trees,,sample,bayesian,years,
posterior-654,STATE_162850000,posterior.trees,,sample,bayesian,years,
posterior-655,STATE_173930000,posterior.trees,,sample,bayesian,years,
posterior-656,STATE_153740000,posterior.trees,,sample,bayesian,years,
posterior-657,STATE_176940000,posterior.trees,,sample,bayesian,years,
posterior-658,STATE_123550000,posterior.trees,,sample,bayesian,years,
posterior-659,STATE_185780000,posterior.trees,,sample,bayesian,years,
posterior-660,STATE_161490000,posterior.trees,,sample,bayesian,years,
posterior-661,STATE_140720000,posterior.trees,,sample,bayesian,years,
posterior-662,STATE_167310000,posterior.trees,,sample,bayesian,years,
posterior-663,STATE_123620000,posterior.trees,,sample,bayesian,years,
posterior-664,STATE_170880000,posterior.trees,,sample,bayesian,years,
posterior-665,STATE_158520000,posterior.trees,,sample,bayesian,years,
posterior-666,STATE_136910000,posterior.trees,,sample,bayesian,years,
posterior-667,STATE_163930000,posterior.trees,,sample,bayesian,years,
posterior-668,STATE_175650000,posterior.trees,,sample,bayesian,years,
posterior-669,STATE_156340000,posterior.trees,,sample,bayesian,years,
posterior-670,STATE_119420000,posterior.trees,,sample,bayesian,years,
posterior-671,STATE_178320000,posterior.trees,,sample,bayesian,years,
posterior-672,STATE_199690000,posterior.trees,,sample,bayesian,years,
posterior-673,STATE_144780000,posterior.trees,,sample,bayesian,years,
posterior-674,STATE_112440000,posterior.trees,,sample,bayesian,years,
posterior-675,STATE_186190000,posterior.trees,,sample,bayesian,years,
posterior-676,STATE_133180000,posterior.trees,,sample,bayesian,years,
posterior-677,STATE_104320000,posterior.trees,,sample,bayesian,years,
posterior-678,STATE_117050000,posterior.trees,,sample,bayesian,years,
posterior-679,STATE_165950000,posterior.trees,,sample,bayesian,years,
posterior-680,STATE_153000000,posterior.trees,,sample,bayesian,years,
posterior-681,STATE_191400000,posterior.trees,,sample,bayesian,years,
posterior-682,STATE_181020000,posterior.trees,,sample,bayesian,years,
posterior-683,STATE_129870000,posterior.trees,,sample,bayesian,years,
posterior-684,STATE_139320000,posterior.trees,,sample,bayesian,years,
posterior-685,STATE_143940000,posterior.trees,,sample,bayesian,years,
posterior-686,STATE_170060000,posterior.trees,,sample,bayesian,years,
posterior-687,STATE_119940000,posterior.trees,,sample,bayesian,years,
posterior-688,STATE_127990000,posterior.trees,,sample,bayesian,years,
posterior-689,STATE_162500000,posterior.trees,,sample,bayesian,years,
posterior-690,STATE_138270000,posterior.trees,,sample,bayesian,years,
posterior-691,STATE_130850000,posterior.trees,,sample,bayesian,years,
posterior-692,STATE_166820000,posterior.trees,,sample,bayesian,years,
posterior-693,STATE_130790000,posterior.trees,,sample,bayesian,years,
posterior-694,STATE_196470000,posterior.trees,,sample,bayesian,years,
posterior-695,STATE_173220000,posterior.trees,,sample,bayesian,years,
posterior-696,STATE_182320000,posterior.trees,,sample,bayesian,years,
posterior-697,STATE_154270000,posterior.trees,,sample,bayesian,years,
posterior-698,STATE_192330000,posterior.trees,,sample,bayesian,years,
posterior-699,STATE_163880000,posterior.trees,,sample,bayesian,years,
posterior-700,STATE_168850000,posterior.trees,,sample,bayesian,years,
posterior-701,STATE_144690000,posterior.trees,,sample,bayesian,years,
posterior-702,STATE_166870000,posterior.trees,,sample,bayesian,years,
posterior-703,STATE_108840000,posterior.trees,,sample,bayesian,years,
posterior-704,STATE_130280000,posterior.trees,,sample,bayesian,years,
posterior-705,STATE_115900000,posterior.trees,,sample,bayesian,years,
posterior-706,STATE_160040000,posterior.trees,,sample,bayesian,years,
posterior-707,STATE_172590000,posterior.trees,,sample,bayesian,years,
posterior-708,STATE_101910000,posterior.trees,,sample,bayesian,years,
posterior-709,STATE_150390000,posterior.trees,,sample,bayesian,years,
posterior-710,STATE_108010000,posterior.trees,,sample,bayesian,years,
posterior-711,STATE_175620000,posterior.trees,,sample,bayesian,years,
posterior-712,STATE_189340000,posterior.trees,,sample,bayesian,years,
posterior-713,STATE_117040000,posterior.trees,,sample,bayesian,years,
posterior-714,STATE_184860000,posterior.trees,,sample,bayesian,years,
posterior-715,STATE_173240000,posterior.trees,,sample,bayesian,years,
posterior-716,STATE_171180000,posterior.trees,,sample,bayesian,years,
posterior-717,STATE_121540000,posterior.trees,,sample,bayesian,years,
posterior-718,STATE_106860000,posterior.trees,,sample,bayesian,years,
posterior-719,STATE_114010000,posterior.trees,,sample,bayesian,years,
posterior-720,STATE_127110000,posterior.trees,,sample,bayesian,years,
posterior-721,STATE_125350000,posterior.trees,,sample,bayesian,years,
posterior-722,STATE_171900000,posterior.trees,,sample,bayesian,years,
posterior-723,STATE_171830000,posterior.trees,,sample,bayesian,years,
posterior-724,STATE_104500000,posterior.trees,,sample,bayesian,years,
posterior-725,STATE_152140000,posterior.trees,,sample,bayesian,years,
posterior-726,STATE_153540000,posterior.trees,,sample,bayesian,years,
posterior-727,STATE_156280000,posterior.trees,,sample,bayesian,years,
posterior-728,STATE_167720000,posterior.trees,,sample,bayesian,years,
posterior-729,STATE_191990000,posterior.trees,,sample,bayesian,years,
posterior-730,STATE_189600000,posterior.trees,,sample,bayesian,years,
posterior-731,STATE_180050000,posterior.trees,,sample,bayesian,years,
posterior-732,STATE_143270000,posterior.trees,,sample,bayesian,years,
posterior-733,STATE_152950000,posterior.trees,,sample,bayesian,years,
posterior-734,STATE_169470000,posterior.trees,,sample,bayesian,years,
posterior-735,STATE_113070000,posterior.trees,,sample,bayesian,years,
posterior-736,STATE_140740000,posterior.trees,,sample,bayesian,years,
posterior-737,STATE_180120000,posterior.trees,,sample,bayesian,years,
posterior-738,STATE_178970000,posterior.trees,,sample,bayesian,years,
posterior-739,STATE_193750000,posterior.trees,,sample,bayesian,years,
posterior-740,STATE_187780000,posterior.trees,,sample,bayesian,years,
posterior-741,STATE_114590000,posterior.trees,,sample,bayesian,years,
posterior-742,STATE_144050000,posterior.trees,,sample,bayesian,years,
posterior-743,STATE_189110000,posterior.trees,,sample,bayesian,years,
posterior-744,STATE_152460000,posterior.trees,,sample,bayesian,years,
posterior-745,STATE_179080000,posterior.trees,,sample,bayesian,years,
posterior-746,STATE_156770000,posterior.trees,,sample,bayesian,years,
posterior-747,STATE_190330000,posterior.trees,,sample,bayesian,years,
posterior-748,STATE_150770000,posterior.trees,,sample,bayesian,years,
posterior-749,STATE_187100000,posterior.trees,,sample,bayesian,years,
posterior-750,STATE_157850000,posterior.trees,,sample,bayesian,years,
posterior-751,STATE_129820000,posterior.trees,,sample,bayesian,years,
posterior-752,STATE_155500000,posterior.trees,,sample,bayesian,years,
posterior-753,STATE_112230000,posterior.trees,,sample,bayesian,years,
posterior-754,STATE_116750000,posterior.trees,,sample,bayesian,years,
posterior-755,STATE_175070000,posterior.trees,,sample,bayesian,years,
posterior-756,STATE_175300000,posterior.trees,,sample,bayesian,years,
posterior-757,STATE_169980000,posterior.trees,,sample,bayesian,years,
posterior-758,STATE_136580000,posterior.trees,,sample,bayesian,years,
posterior-759,STATE_139720000,posterior.trees,,sample,bayesian,years,
posterior-760,STATE_157870000,posterior.trees,,sample,bayesian,years,
posterior-761,STATE_175260000,posterior.trees,,sample,bayesian,years,
posterior-762,STATE_171400000,posterior.trees,,sample,bayesian,years,
posterior-763,STATE_166670000,posterior.trees,,sample,bayesian,years,
posterior-764,STATE_186050000,posterior.trees,,sample,bayesian,years,
posterior-765,STATE_115930000,posterior.trees,,sample,bayesian,years,
posterior-766,STATE_104020000,posterior.trees,,sample,bayesian,years,
posterior-767,STATE_157790000,posterior.trees,,sample,bayesian,years,
posterior-768,STATE_171730000,posterior.trees,,sample,bayesian,years,
posterior-769,STATE_103690000,posterior.trees,,sample,bayesian,years,
posterior-770,STATE_139790000,posterior.trees,,sample,bayesian,years,
posterior-771,STATE_106180000,posterior.trees,,sample,bayesian,years,
posterior-772,STATE_123460000,posterior.trees,,sample,bayesian,years,
posterior-773,STATE_161160000,posterior.trees,,sample,bayesian,years,
posterior-774,STATE_100040000,posterior.trees,,sample,bayesian,years,
posterior-775,STATE_131990000,posterior.trees,,sample,bayesian,years,
posterior-776,STATE_104250000,posterior.trees,,sample,bayesian,years,
posterior-777,STATE_147650000,posterior.trees,,sample,bayesian,years,
posterior-778,STATE_164940000,posterior.trees,,sample,bayesian,years,
posterior-779,STATE_182130000,posterior.trees,,sample,bayesian,years,
posterior-780,STATE_129530000,posterior.trees,,sample,bayesian,years,
posterior-781,STATE_132900000,posterior.trees,,sample,bayesian,years,
posterior-782,STATE_154300000,posterior.trees,,sample,bayesian,years,
posterior-783,STATE_152040000,posterior.trees,,sample,bayesian,years,
posterior-784,STATE_155930000,posterior.trees,,sample,bayesian,years,
posterior-785,STATE_169190000,posterior.trees,,sample,bayesian,years,
posterior-786,STATE_140120000,posterior.trees,,sample,bayesian,years,
posterior-787,STATE_131680000,posterior.trees,,sample,bayesian,years,
posterior-788,STATE_176500000,posterior.trees,,sample,bayesian,years,
posterior-789,STATE_100390000,posterior.trees,,sample,bayesian,years,
posterior-790,STATE_138210000,posterior.trees,,sample,bayesian,years,
posterior-791,STATE_137480000,posterior.trees,,sample,bayesian,years,
posterior-792,STATE_195500000,posterior.trees,,sample,bayesian,years,
posterior-793,STATE_137980000,posterior.trees,,sample,bayesian,years,
posterior-794,STATE_172650000,posterior.trees,,sample,bayesian,years,
posterior-795,STATE_128930000,posterior.trees,,sample,bayesian,years,
posterior-796,STATE_106720000,posterior.trees,,sample,bayesian,years,
posterior-797,STATE_176440000,posterior.trees,,sample,bayesian,years,
posterior-798,STATE_122730000,posterior.trees,,sample,bayesian,years,
posterior-799,STATE_122260000,posterior.trees,,sample,bayesian,years,
posterior-800,STATE_184650000,posterior.trees,,sample,bayesian,years,
posterior-801,STATE_157780000,posterior.trees,,sample,bayesian,years,
posterior-802,STATE_137230000,posterior.trees,,sample,bayesian,years,
posterior-803,STATE_152790000,posterior.trees,,sample,bayesian,years,
posterior-804,STATE_104850000,posterior.trees,,sample,bayesian,years,
posterior-805,STATE_116140000,posterior.trees,,sample,bayesian,years,
posterior-806,STATE_125980000,posterior.trees,,sample,bayesian,years,
posterior-807,STATE_121980000,posterior.trees,,sample,bayesian,years,
posterior-808,STATE_120090000,posterior.trees,,sample,bayesian,years,
posterior-809,STATE_119710000,posterior.trees,,sample,bayesian,years,
posterior-810,STATE_197560000,posterior.trees,,sample,bayesian,years,
posterior-811,STATE_171210000,posterior.trees,,sample,bayesian,years,
posterior-812,STATE_194810000,posterior.trees,,sample,bayesian,years,
posterior-813,STATE_154420000,posterior.trees,,sample,bayesian,years,
posterior-814,STATE_157190000,posterior.trees,,sample,bayesian,years,
posterior-815,STATE_134540000,posterior.trees,,sample,bayesian,years,
posterior-816,STATE_163180000,posterior.trees,,sample,bayesian,years,
posterior-817,STATE_114090000,posterior.trees,,sample,bayesian,years,
posterior-818,STATE_169880000,posterior.trees,,sample,bayesian,years,
posterior-819,STATE_132390000,posterior.trees,,sample,bayesian,years,
posterior-820,STATE_172840000,posterior.trees,,sample,bayesian,years,
posterior-821,STATE_133960000,posterior.trees,,sample,bayesian,years,
posterior-822,STATE_119160000,posterior.trees,,sample,bayesian,years,
posterior-823,STATE_126160000,posterior.trees,,sample,bayesian,years,
posterior-824,STATE_191140000,posterior.trees,,sample,bayesian,years,
posterior-825,STATE_160960000,posterior.trees,,sample,bayesian,years,
posterior-826,STATE_118300000,posterior.trees,,sample,bayesian,years,
posterior-827,STATE_120370000,posterior.trees,,sample,bayesian,years,
posterior-828,STATE_123370000,posterior.trees,,sample,bayesian,years,
posterior-829,STATE_155820000,posterior.trees,,sample,bayesian,years,
posterior-830,STATE_136440000,posterior.trees,,sample,bayesian,years,
posterior-831,STATE_182940000,posterior.trees,,sample,bayesian,years,
posterior-832,STATE_192830000,posterior.trees,,sample,bayesian,years,
posterior-833,STATE_178330000,posterior.trees,,sample,bayesian,years,
posterior-834,STATE_104820000,posterior.trees,,sample,bayesian,years,
posterior-835,STATE_143480000,posterior.trees,,sample,bayesian,years,
posterior-836,STATE_145570000,posterior.trees,,sample,bayesian,years,
posterior-837,STATE_179820000,posterior.trees,,sample,bayesian,years,
posterior-838,STATE_154500000,posterior.trees,,sample,bayesian,years,
posterior-839,STATE_100060000,posterior.trees,,sample,bayesian,years,
posterior-840,STATE_153760000,posterior.trees,,sample,bayesian,years,
posterior-841,STATE_182900000,posterior.trees,,sample,bayesian,years,
posterior-842,STATE_191930000,posterior.trees,,sample,bayesian,years,
posterior-843,STATE_104280000,posterior.trees,,sample,bayesian,years,
posterior-844,STATE_159930000,posterior.trees,,sample,bayesian,years,
posterior-845,STATE_199730000,posterior.trees,,sample,bayesian,years,
posterior-846,STATE_139810000,posterior.trees,,sample,bayesian,years,
posterior-847,STATE_103640000,posterior.trees,,sample,bayesian,years,
posterior-848,STATE_110320000,posterior.trees,,sample,bayesian,years,
posterior-849,STATE_197320000,posterior.trees,,sample,bayesian,years,
posterior-850,STATE_128210000,posterior.trees,,sample,bayesian,years,
posterior-851,STATE_159300000,posterior.trees,,sample,bayesian,years,
posterior-852,STATE_147910000,posterior.trees,,sample,bayesian,years,
posterior-853,STATE_173520000,posterior.trees,,sample,bayesian,years,
posterior-854,STATE_175840000,posterior.trees,,sample,bayesian,years,
posterior-855,STATE_105250000,posterior.trees,,sample,bayesian,years,
posterior-856,STATE_106020000,posterior.trees,,sample,bayesian,years,
posterior-857,STATE_184880000,posterior.trees,,sample,bayesian,years,
posterior-858,STATE_111550000,posterior.trees,,sample,bayesian,years,
posterior-859,STATE_192190000,posterior.trees,,sample,bayesian,years,
posterior-860,STATE_192610000,posterior.trees,,sample,bayesian,years,
posterior-861,STATE_115110000,posterior.trees,,sample,bayesian,years,
posterior-862,STATE_152560000,posterior.trees,,sample,bayesian,years,
posterior-863,STATE_135840000,posterior.trees,,sample,bayesian,years,
posterior-864,STATE_197010000,posterior.trees,,sample,bayesian,years,
posterior-865,STATE_169760000,posterior.trees,,sample,bayesian,years,
posterior-866,STATE_153180000,posterior.trees,,sample,bayesian,years,
posterior-867,STATE_184760000,posterior.trees,,sample,bayesian,years,
posterior-868,STATE_102600000,posterior.trees,,sample,bayesian,years,
posterior-869,STATE_196380000,posterior.trees,,sample,bayesian,years,
posterior-870,STATE_117700000,posterior.trees,,sample,bayesian,years,
posterior-871,STATE_190930000,posterior.trees,,sample,bayesian,years,
posterior-872,STATE_132930000,posterior.trees,,sample,bayesian,years,
posterior-873,STATE_149470000,posterior.trees,,sample,bayesian,years,
posterior-874,STATE_122450000,posterior.trees,,sample,bayesian,years,
posterior-875,STATE_121900000,posterior.trees,,sample,bayesian,years,
posterior-876,STATE_168890000,posterior.trees,,sample,bayesian,years,
posterior-877,STATE_195950000,posterior.trees,,sample,bayesian,years,
posterior-878,STATE_176800000,posterior.trees,,sample,bayesian,years,
posterior-879,STATE_154040000,posterior.trees,,sample,bayesian,years,
posterior-880,STATE_126950000,posterior.trees,,sample,bayesian,years,
posterior-881,STATE_168660000,posterior.trees,,sample,bayesian,years,
posterior-882,STATE_160610000,posterior.trees,,sample,bayesian,years,
posterior-883,STATE_121600000,posterior.trees,,sample,bayesian,years,
posterior-884,STATE_136860000,posterior.trees,,sample,bayesian,years,
posterior-885,STATE_170220000,posterior.trees,,sample,bayesian,years,
posterior-886,STATE_140910000,posterior.trees,,sample,bayesian,years,
posterior-887,STATE_170410000,posterior.trees,,sample,bayesian,years,
posterior-888,STATE_113790000,posterior.trees,,sample,bayesian,years,
posterior-889,STATE_140450000,posterior.trees,,sample,bayesian,years,
posterior-890,STATE_167790000,posterior.trees,,sample,bayesian,years,
posterior-891,STATE_130110000,posterior.trees,,sample,bayesian,years,
posterior-892,STATE_188830000,posterior.trees,,sample,bayesian,years,
posterior-893,STATE_195420000,posterior.trees,,sample,bayesian,years,
posterior-894,STATE_183920000,posterior.trees,,sample,bayesian,years,
posterior-895,STATE_101600000,posterior.trees,,sample,bayesian,years,
posterior-896,STATE_199340000,posterior.trees,,sample,bayesian,years,
posterior-897,STATE_155610000,posterior.trees,,sample,bayesian,years,
posterior-898,STATE_145060000,posterior.trees,,sample,bayesian,years,
posterior-899,STATE_179430000,posterior.trees,,sample,bayesian,years,
posterior-900,STATE_101970000,posterior.trees,,sample,bayesian,years,
posterior-901,STATE_151290000,posterior.trees,,sample,bayesian,years,
posterior-902,STATE_170120000,posterior.trees,,sample,bayesian,years,
posterior-903,STATE_142140000,posterior.trees,,sample,bayesian,years,
posterior-904,STATE_179250000,posterior.trees,,sample,bayesian,years,
posterior-905,STATE_117830000,posterior.trees,,sample,bayesian,years,
posterior-906,STATE_141880000,posterior.trees,,sample,bayesian,years,
posterior-907,STATE_155280000,posterior.trees,,sample,bayesian,years,
posterior-908,STATE_135320000,posterior.trees,,sample,bayesian,years,
posterior-909,STATE_189440000,posterior.trees,,sample,bayesian,years,
posterior-910,STATE_101210000,posterior.trees,,sample,bayesian,years,
posterior-911,STATE_101490000,posterior.trees,,sample,bayesian,years,
posterior-912,STATE_122030000,posterior.trees,,sample,bayesian,years,
posterior-913,STATE_150460000,posterior.trees,,sample,bayesian,years,
posterior-914,STATE_165970000,posterior.trees,,sample,bayesian,years,
posterior-915,STATE_183280000,posterior.trees,,sample,bayesian,years,
posterior-916,STATE_174230000,posterior.trees,,sample,bayesian,years,
posterior-917,STATE_197180000,posterior.trees,,sample,bayesian,years,
posterior-918,STATE_113860000,posterior.trees,,sample,bayesian,years,
posterior-919,STATE_158770000,posterior.trees,,sample,bayesian,years,
posterior-920,STATE_162350000,posterior.trees,,sample,bayesian,years,
posterior-921,STATE_117990000,posterior.trees,,sample,bayesian,years,
posterior-922,STATE_192670000,posterior.trees,,sample,bayesian,years,
posterior-923,STATE_192910000,posterior.trees,,sample,bayesian,years,
posterior-924,STATE_168910000,posterior.trees,,sample,bayesian,years,
posterior-925,STATE_112390000,posterior.trees,,sample,bayesian,years,
posterior-926,STATE_117780000,posterior.trees,,sample,bayesian,years,
posterior-927,STATE_191370000,posterior.trees,,sample,bayesian,years,
posterior-928,STATE_127490000,posterior.trees,,sample,bayesian,years,
posterior-929,STATE_105880000,posterior.trees,,sample,bayesian,years,
posterior-930,STATE_126790000,posterior.trees,,sample,bayesian,years,
posterior-931,STATE_151440000,posterior.trees,,sample,bayesian,years,
posterior-932,STATE_109340000,posterior.trees,,sample,bayesian,years,
posterior-933,STATE_132440000,posterior.trees,,sample,bayesian,years,
posterior-934,STATE_183220000,posterior.trees,,sample,bayesian,years,
posterior-935,STATE_199330000,posterior.trees,,sample,bayesian,years,
posterior-936,STATE_134620000,posterior.trees,,sample,bayesian,years,
posterior-937,STATE_198470000,posterior.trees,,sample,bayesian,years,
posterior-938,STATE_118080000,posterior.trees,,sample,bayesian,years,
posterior-939,STATE_165560000,posterior.trees,,sample,bayesian,years,
posterior-940,STATE_160550000,posterior.trees,,sample,bayesian,years,
posterior-941,STATE_162120000,posterior.trees,,sample,bayesian,years,
posterior-942,STATE_146470000,posterior.trees,,sample,bayesian,years,
posterior-943,STATE_111860000,posterior.trees,,sample,bayesian,years,
posterior-944,STATE_104070000,posterior.trees,,sample,bayesian,years,
posterior-945,STATE_174650000,posterior.trees,,sample,bayesian,years,
posterior-946,STATE_116440000,posterior.trees,,sample,bayesian,years,
posterior-947,STATE_150310000,posterior.trees,,sample,bayesian,years,
posterior-948,STATE_100280000,posterior.trees,,sample,bayesian,years,
posterior-949,STATE_132490000,posterior.trees,,sample,bayesian,years,
posterior-950,STATE_145360000,posterior.trees,,sample,bayesian,years,
posterior-951,STATE_161390000,posterior.trees,,sample,bayesian,years,
posterior-952,STATE_104890000,posterior.trees,,sample,bayesian,years,
posterior-953,STATE_143790000,posterior.trees,,sample,bayesian,years,
posterior-954,STATE_159330000,posterior.trees,,sample,bayesian,years,
posterior-955,STATE_101040000,posterior.trees,,sample,bayesian,years,
posterior-956,STATE_172670000,posterior.trees,,sample,bayesian,years,
posterior-957,STATE_169140000,posterior.trees,,sample,bayesian,years,
posterior-958,STATE_184150000,posterior.trees,,sample,bayesian,years,
posterior-959,STATE_179360000,posterior.trees,,sample,bayesian,years,
posterior-960,STATE_101960000,posterior.trees,,sample,bayesian,years,
posterior-961,STATE_183880000,posterior.trees,,sample,bayesian,years,
posterior-962,STATE_118870000,posterior.trees,,sample,bayesian,years,
posterior-963,STATE_111600000,posterior.trees,,sample,bayesian,years,
posterior-964,STATE_186160000,posterior.trees,,sample,bayesian,years,
posterior-965,STATE_192600000,posterior.trees,,sample,bayesian,years,
posterior-966,STATE_115520000,posterior.trees,,sample,bayesian,years,
posterior-967,STATE_164950000,posterior.trees,,sample,bayesian,years,
posterior-968,STATE_146250000,posterior.trees,,sample,bayesian,years,
posterior-969,STATE_116790000,posterior.trees,,sample,bayesian,years,
posterior-970,STATE_171360000,posterior.trees,,sample,bayesian,years,
posterior-971,STATE_115230000,posterior.trees,,sample,bayesian,years,
posterior-972,STATE_194760000,posterior.trees,,sample,bayesian,years,
posterior-973,STATE_156570000,posterior.trees,,sample,bayesian,years,
posterior-974,STATE_111290000,posterior.trees,,sample,bayesian,years,
posterior-975,STATE_153900000,posterior.trees,,sample,bayesian,years,
posterior-976,STATE_188210000,posterior.trees,,sample,bayesian,years,
posterior-977,STATE_100590000,posterior.trees,,sample,bayesian,years,
posterior-978,STATE_185500000,posterior.trees,,sample,bayesian,years,
posterior-979,STATE_155170000,posterior.trees,,sample,bayesian,years,
posterior-980,STATE_103200000,posterior.trees,,sample,bayesian,years,
posterior-981,STATE_132230000,posterior.trees,,sample,bayesian,years,
posterior-982,STATE_187430000,posterior.trees,,sample,bayesian,years,
posterior-983,STATE_114970000,posterior.trees,,sample,bayesian,years,
posterior-984,STATE_151720000,posterior.trees,,sample,bayesian,years,
posterior-985,STATE_189670000,posterior.trees,,sample,bayesian,years,
posterior-986,STATE_143670000,posterior.trees,,sample,bayesian,years,
posterior-987,STATE_154470000,posterior.trees,,sample,bayesian,years,
posterior-988,STATE_149130000,posterior.trees,,sample,bayesian,years,
posterior-989,STATE_101280000,posterior.trees,,sample,bayesian,years,
posterior-990,STATE_179550000,posterior.trees,,sample,bayesian,years,
posterior-991,STATE_129890000,posterior.trees,,sample,bayesian,years,
posterior-992,STATE_108040000,posterior.trees,,sample,bayesian,years,
posterior-993,STATE_163220000,posterior.trees,,sample,bayesian,years,
posterior-994,STATE_147260000,posterior.trees,,sample,bayesian,years,
posterior-995,STATE_129790000,posterior.trees,,sample,bayesian,years,
posterior-996,STATE_199350000,posterior.trees,,sample,bayesian,years,
posterior-997,STATE_114220000,posterior.trees,,sample,bayesian,years,
posterior-998,STATE_114330000,posterior.trees,,sample,bayesian,years,
posterior-999,STATE_139120000,posterior.trees,,sample,bayesian,years,
posterior-1000,STATE_185470000,posterior.trees,,sample,bayesian,years,
